setup_note,task,feature_set,model,metric,honest,leaky,inflation_leaky_minus_honest
LEAKY = features from Oct 1-31 (overlaps target window); deliberately flawed,classification,a_rfm,LogisticRegression,roc_auc,0.703082599427887,0.999999984275701,0.29691738484781405
LEAKY = features from Oct 1-31 (overlaps target window); deliberately flawed,classification,a_rfm,LogisticRegression,pr_auc,0.16020403100707706,0.9999993862967427,0.8397953552896656
LEAKY = features from Oct 1-31 (overlaps target window); deliberately flawed,classification,a_rfm,LogisticRegression,f1,0.1784588942996276,0.9101283880171184,0.7316694937174908
LEAKY = features from Oct 1-31 (overlaps target window); deliberately flawed,classification,a_rfm,LogisticRegression,recall,0.4882445141065831,1.0,0.5117554858934169
LEAKY = features from Oct 1-31 (overlaps target window); deliberately flawed,classification,a_rfm,LogisticRegression,precision,0.10918331580792148,0.8350785340314136,0.7258952182234921
LEAKY = features from Oct 1-31 (overlaps target window); deliberately flawed,classification,a_rfm,DecisionTree,roc_auc,0.693630558225192,1.0,0.30636944177480796
LEAKY = features from Oct 1-31 (overlaps target window); deliberately flawed,classification,a_rfm,DecisionTree,pr_auc,0.16211130001398186,1.0,0.8378886999860181
LEAKY = features from Oct 1-31 (overlaps target window); deliberately flawed,classification,a_rfm,DecisionTree,f1,0.17901511749738064,1.0,0.8209848825026194
LEAKY = features from Oct 1-31 (overlaps target window); deliberately flawed,classification,a_rfm,DecisionTree,recall,0.46865203761755486,1.0,0.5313479623824451
LEAKY = features from Oct 1-31 (overlaps target window); deliberately flawed,classification,a_rfm,DecisionTree,precision,0.11063829787234042,1.0,0.8893617021276596
LEAKY = features from Oct 1-31 (overlaps target window); deliberately flawed,classification,a_rfm,RandomForest,roc_auc,0.7022230542123511,1.0,0.2977769457876489
LEAKY = features from Oct 1-31 (overlaps target window); deliberately flawed,classification,a_rfm,RandomForest,pr_auc,0.1703030787909846,1.0,0.8296969212090154
LEAKY = features from Oct 1-31 (overlaps target window); deliberately flawed,classification,a_rfm,RandomForest,f1,0.1817095038852361,1.0,0.8182904961147639
LEAKY = features from Oct 1-31 (overlaps target window); deliberately flawed,classification,a_rfm,RandomForest,recall,0.47648902821316613,1.0,0.5235109717868338
LEAKY = features from Oct 1-31 (overlaps target window); deliberately flawed,classification,a_rfm,RandomForest,precision,0.11225997045790251,1.0,0.8877400295420975
LEAKY = features from Oct 1-31 (overlaps target window); deliberately flawed,regression,a_rfm,LinearRegression,R2,-0.14164436091153498,-0.03683257926841854,0.10481178164311644
LEAKY = features from Oct 1-31 (overlaps target window); deliberately flawed,regression,a_rfm,LinearRegression,RMSE,196.533497850187,187.29469796428342,-9.238799885903575
LEAKY = features from Oct 1-31 (overlaps target window); deliberately flawed,regression,a_rfm,LinearRegression,MAE,23.56232630061328,19.705746488008096,-3.856579812605183
LEAKY = features from Oct 1-31 (overlaps target window); deliberately flawed,regression,a_rfm,DecisionTree,R2,0.11105733323996547,0.4420835620343555,0.33102622879439003
LEAKY = features from Oct 1-31 (overlaps target window); deliberately flawed,regression,a_rfm,DecisionTree,RMSE,173.42353783479783,137.3901964126973,-36.033341422100534
LEAKY = features from Oct 1-31 (overlaps target window); deliberately flawed,regression,a_rfm,DecisionTree,MAE,21.823625802366276,6.677777054431793,-15.145848747934483
LEAKY = features from Oct 1-31 (overlaps target window); deliberately flawed,regression,a_rfm,RandomForest,R2,0.16427229393849696,0.5386537106236579,0.3743814166851609
LEAKY = features from Oct 1-31 (overlaps target window); deliberately flawed,regression,a_rfm,RandomForest,RMSE,168.15259187194417,124.93516126395771,-43.21743060798646
LEAKY = features from Oct 1-31 (overlaps target window); deliberately flawed,regression,a_rfm,RandomForest,MAE,21.500509120099835,6.221531508319331,-15.278977611780505
LEAKY = features from Oct 1-31 (overlaps target window); deliberately flawed,classification,b_rfm_behav,LogisticRegression,roc_auc,0.7783067728958372,0.9999980659112295,0.22169129301539237
LEAKY = features from Oct 1-31 (overlaps target window); deliberately flawed,classification,b_rfm_behav,LogisticRegression,pr_auc,0.16883764115785235,0.9999239909079819,0.8310863497501295
LEAKY = features from Oct 1-31 (overlaps target window); deliberately flawed,classification,b_rfm_behav,LogisticRegression,f1,0.1537683358624178,0.9088319088319088,0.755063572969491
LEAKY = features from Oct 1-31 (overlaps target window); deliberately flawed,classification,b_rfm_behav,LogisticRegression,recall,0.5956112852664577,1.0,0.4043887147335423
LEAKY = features from Oct 1-31 (overlaps target window); deliberately flawed,classification,b_rfm_behav,LogisticRegression,precision,0.08827970728307585,0.8328981723237598,0.744618465040684
LEAKY = features from Oct 1-31 (overlaps target window); deliberately flawed,classification,b_rfm_behav,DecisionTree,roc_auc,0.7765985715417864,1.0,0.22340142845821365
LEAKY = features from Oct 1-31 (overlaps target window); deliberately flawed,classification,b_rfm_behav,DecisionTree,pr_auc,0.18219021279310857,1.0,0.8178097872068915
LEAKY = features from Oct 1-31 (overlaps target window); deliberately flawed,classification,b_rfm_behav,DecisionTree,f1,0.12349547753009045,1.0,0.8765045224699095
LEAKY = features from Oct 1-31 (overlaps target window); deliberately flawed,classification,b_rfm_behav,DecisionTree,recall,0.6794670846394985,1.0,0.32053291536050155
LEAKY = features from Oct 1-31 (overlaps target window); deliberately flawed,classification,b_rfm_behav,DecisionTree,precision,0.06792009400705053,1.0,0.9320799059929494
LEAKY = features from Oct 1-31 (overlaps target window); deliberately flawed,classification,b_rfm_behav,RandomForest,roc_auc,0.7972922206861328,0.9999999999999999,0.20270777931386708
LEAKY = features from Oct 1-31 (overlaps target window); deliberately flawed,classification,b_rfm_behav,RandomForest,pr_auc,0.20257792231124852,1.0,0.7974220776887515
LEAKY = features from Oct 1-31 (overlaps target window); deliberately flawed,classification,b_rfm_behav,RandomForest,f1,0.1492262343404569,1.0,0.8507737656595431
LEAKY = features from Oct 1-31 (overlaps target window); deliberately flawed,classification,b_rfm_behav,RandomForest,recall,0.6347962382445141,1.0,0.36520376175548586
LEAKY = features from Oct 1-31 (overlaps target window); deliberately flawed,classification,b_rfm_behav,RandomForest,precision,0.08455114822546973,1.0,0.9154488517745303
LEAKY = features from Oct 1-31 (overlaps target window); deliberately flawed,regression,b_rfm_behav,LinearRegression,R2,-0.1428092400955594,-0.04237485955604092,0.10043438053951848
LEAKY = features from Oct 1-31 (overlaps target window); deliberately flawed,regression,b_rfm_behav,LinearRegression,RMSE,196.6337389668325,187.79461291930605,-8.839126047526463
LEAKY = features from Oct 1-31 (overlaps target window); deliberately flawed,regression,b_rfm_behav,LinearRegression,MAE,23.621993985611883,21.071929617675924,-2.55006436793596
LEAKY = features from Oct 1-31 (overlaps target window); deliberately flawed,regression,b_rfm_behav,DecisionTree,R2,0.09603285802575656,0.43693701506022553,0.34090415703446897
LEAKY = features from Oct 1-31 (overlaps target window); deliberately flawed,regression,b_rfm_behav,DecisionTree,RMSE,174.88295708429868,138.02242544206177,-36.86053164223691
LEAKY = features from Oct 1-31 (overlaps target window); deliberately flawed,regression,b_rfm_behav,DecisionTree,MAE,21.7639368335663,6.722754489961753,-15.041182343604548
LEAKY = features from Oct 1-31 (overlaps target window); deliberately flawed,regression,b_rfm_behav,RandomForest,R2,0.15422567185711922,0.536753844640584,0.38252817278346474
LEAKY = features from Oct 1-31 (overlaps target window); deliberately flawed,regression,b_rfm_behav,RandomForest,RMSE,169.16028772960013,125.19214414506651,-43.96814358453362
LEAKY = features from Oct 1-31 (overlaps target window); deliberately flawed,regression,b_rfm_behav,RandomForest,MAE,21.407237856835366,6.278810915146785,-15.12842694168858
LEAKY = features from Oct 1-31 (overlaps target window); deliberately flawed,classification,c_rfm_behav_cluster,LogisticRegression,roc_auc,0.7818824470279817,0.9999982546028169,0.21811580757483517
LEAKY = features from Oct 1-31 (overlaps target window); deliberately flawed,classification,c_rfm_behav_cluster,LogisticRegression,pr_auc,0.18029607166336006,0.9999314745629004,0.8196354028995404
LEAKY = features from Oct 1-31 (overlaps target window); deliberately flawed,classification,c_rfm_behav_cluster,LogisticRegression,f1,0.12340306050821283,0.9091556822230139,0.7857526217148011
LEAKY = features from Oct 1-31 (overlaps target window); deliberately flawed,classification,c_rfm_behav_cluster,LogisticRegression,recall,0.6888714733542319,1.0,0.31112852664576807
LEAKY = features from Oct 1-31 (overlaps target window); deliberately flawed,classification,c_rfm_behav_cluster,LogisticRegression,precision,0.06777178103315343,0.8334421946440235,0.7656704136108701
LEAKY = features from Oct 1-31 (overlaps target window); deliberately flawed,classification,c_rfm_behav_cluster,DecisionTree,roc_auc,0.7742905668043696,1.0,0.22570943319563042
LEAKY = features from Oct 1-31 (overlaps target window); deliberately flawed,classification,c_rfm_behav_cluster,DecisionTree,pr_auc,0.1830077056392064,1.0,0.8169922943607936
LEAKY = features from Oct 1-31 (overlaps target window); deliberately flawed,classification,c_rfm_behav_cluster,DecisionTree,f1,0.1359883438562409,1.0,0.8640116561437591
LEAKY = features from Oct 1-31 (overlaps target window); deliberately flawed,classification,c_rfm_behav_cluster,DecisionTree,recall,0.658307210031348,1.0,0.34169278996865204
LEAKY = features from Oct 1-31 (overlaps target window); deliberately flawed,classification,c_rfm_behav_cluster,DecisionTree,precision,0.0758259613648673,1.0,0.9241740386351327
LEAKY = features from Oct 1-31 (overlaps target window); deliberately flawed,classification,c_rfm_behav_cluster,RandomForest,roc_auc,0.7955134250919558,1.0,0.20448657490804423
LEAKY = features from Oct 1-31 (overlaps target window); deliberately flawed,classification,c_rfm_behav_cluster,RandomForest,pr_auc,0.20286091038217538,1.0,0.7971390896178246
LEAKY = features from Oct 1-31 (overlaps target window); deliberately flawed,classification,c_rfm_behav_cluster,RandomForest,f1,0.14434628975265018,1.0,0.8556537102473498
LEAKY = features from Oct 1-31 (overlaps target window); deliberately flawed,classification,c_rfm_behav_cluster,RandomForest,recall,0.640282131661442,1.0,0.359717868338558
LEAKY = features from Oct 1-31 (overlaps target window); deliberately flawed,classification,c_rfm_behav_cluster,RandomForest,precision,0.081342094782955,1.0,0.918657905217045
LEAKY = features from Oct 1-31 (overlaps target window); deliberately flawed,regression,c_rfm_behav_cluster,LinearRegression,R2,-0.14269300797036055,-0.041321195294567126,0.10137181267579343
LEAKY = features from Oct 1-31 (overlaps target window); deliberately flawed,regression,c_rfm_behav_cluster,LinearRegression,RMSE,196.62373916208466,187.6996746638957,-8.924064498188955
LEAKY = features from Oct 1-31 (overlaps target window); deliberately flawed,regression,c_rfm_behav_cluster,LinearRegression,MAE,23.634512679026003,21.18730308393172,-2.4472095950942823
LEAKY = features from Oct 1-31 (overlaps target window); deliberately flawed,regression,c_rfm_behav_cluster,DecisionTree,R2,0.09606182836513011,0.43693701506022564,0.34087518669509553
LEAKY = features from Oct 1-31 (overlaps target window); deliberately flawed,regression,c_rfm_behav_cluster,DecisionTree,RMSE,174.88015473730238,138.02242544206177,-36.8577292952406
LEAKY = features from Oct 1-31 (overlaps target window); deliberately flawed,regression,c_rfm_behav_cluster,DecisionTree,MAE,21.74154132007967,6.722754489961753,-15.018786830117916
LEAKY = features from Oct 1-31 (overlaps target window); deliberately flawed,regression,c_rfm_behav_cluster,RandomForest,R2,0.15414153210365877,0.5367632709563852,0.38262173885272643
LEAKY = features from Oct 1-31 (overlaps target window); deliberately flawed,regression,c_rfm_behav_cluster,RandomForest,RMSE,169.16870176539115,125.19087040898015,-43.977831356411
LEAKY = features from Oct 1-31 (overlaps target window); deliberately flawed,regression,c_rfm_behav_cluster,RandomForest,MAE,21.405706926740603,6.278597569246822,-15.127109357493781
